136,No selection for this race
137,No selection for this race
138,No selection for this race
139,No selection for this race
140,No selection for this race
141,No selection for this race
142,No selection for this race
143,No selection for this race
144,No selection for this race
145,No selection for this race
146,No selection for this race
147,No selection for this race
148,No selection for this race
149,No selection for this race
150,No selection for this race
151,No selection for this race
152,No selection for this race
153,No selection for this race
154,No selection for this race
155,No selection for this race
156,No selection for this race
157,No selection for this race
158,No selection for this race
159,No selection for this race
160,No selection for this race
161,No selection for this race
162,No selection for this race
